Video,Video title,Video publish time,Views,Average view duration,Average percentage viewed (%)
Total,,,35023,0:02:09,27.11
AZr-dSFt9sY,頑童來西雅圖拉！！！VIP視角搶先看,"Mar 10, 2019",4043,0:03:21,24.08
wO6WyFGpMHQ,西雅圖華盛頓大學的一天  Daily life in UW #九千公里遠的西雅圖 ＃大一日常 #華大的一天,"Dec 25, 2018",2853,0:04:00,27.79
OnEVR4c_zf4,#給申請大學的你 就跟你說說特殊選才吧！準備面試的也別錯過 #交通 #清華,"Aug 31, 2019",2745,0:03:09,34.84
Y27bBLApnfU,『喜多趴趴走』 ＃Racing S ＃台136縣,"May 24, 2018",2729,0:01:27,21.68
JZBtQaA3dUU,七秒釐清兩岸對九二共識的矛盾 #秒懂,"May 11, 2019",2458,0:00:08,125.08
vPKAk2Q_3JQ,立人高中五年一班perfect runaway baby,"Dec 26, 2016",2321,0:01:47,33.83
8eCsI7wkFRw,Hey guys! I am Transferring OUT of the University of Washington,"Jul 21, 2020",1555,0:02:19,51.94
xyiyqMWqQDE,立人高中六年一班 ＃畢業影片 ＃高三,"Mar 27, 2018",1553,0:01:22,25.77
vWsv1qZQXeA,🔥跟著哈雷🏍看遍花東縱谷及東海岸吧！,"Jul 11, 2020",823,0:01:37,17.04
g9uw6w7sdu0,立人高中 第四屆攝影社,"Aug 27, 2016",657,0:01:28,58.36
bn4hXzUeSCk,『喜多趴趴走』 ＃中正露營區 ＃臘腸狗,"Jul 8, 2018",636,0:00:58,41.95
BBPniw_MeFs,兩分鐘教你11元買iPhone 11 PRO MAX 256GB,"Sep 14, 2019",595,0:01:01,48.76
0zpY66nHVCM,『全度濕透拉』＃泛舟 花蓮秀姑巒溪泛舟,"Jul 22, 2018",583,0:01:21,38.25
zFmson3013g,蛤！什麼？一個月房租可以住首都了！ #美國大學宿舍 #華盛頓大學 #LanderHall,"Jan 6, 2019",581,0:02:47,26.19
cVoliKRvaSA,立人高中601學測採訪,"Feb 5, 2018",556,0:01:16,39.88
3XM9vGoU4gs,華大車聚！超像玩命關頭 UWCARCLUB＃名車雲集 ＃大排氣 ＃V10 ＃千萬超跑 ＃改裝車,"Jan 26, 2019",463,0:01:31,18.82
VlPcGbQ2c2I,遠距離戀愛/縱跨美國西海岸/當加州遇上西雅圖 ft. Karen,"Mar 16, 2019",444,0:01:55,33.67
BQD0eMWvnO8,PADI開放水域潛水日誌！出發墾丁潛水,"Apr 13, 2020",426,0:03:09,30.6
0XXsws-Ohxc,竟然跟比爾蓋茲擦肩而過！當Google Microsoft Amazon齊聚一堂......#華盛頓大學,"Mar 6, 2019",360,0:02:45,28.42
fkiFV8kdQRM,Sleeping in UW Odegaard Library 圖書館搶課大作戰 ＃睡在圖書館 ＃搶課 ＃夜宿,"Nov 18, 2018",333,0:01:46,27.42
0iFahvV2754,2016夏 宜蘭大里國小愛心旅行,"Aug 26, 2016",319,0:01:52,32.83
zG1Tt9Sv5k8,第一次看NBA就是Chris Bosh退休戰,"Mar 29, 2019",319,0:01:12,11.91
nEW2VbnNFAY,Mr.LZSH 第四十七屆校刊社,"Aug 27, 2016",306,0:01:12,72.4
91hNWLbjZNc,從美國西北角到最南端EP1. From Northwest to the Southernmost #邁阿密 #Miami #keywest,"Mar 31, 2019",299,0:03:59,25.17
qtINSljMUuY,車子開上船！出發去暮光之城拍攝地～,"Feb 19, 2020",289,0:02:07,27.26
t-49aFiFhIw,溫哥華三天兩夜帶你走透！感恩節，出國吧！清晨直奔溫cou華～,"Dec 4, 2019",289,0:03:35,29.18
oTZP9cGgl-s,美國疫情到底有沒有那麼嚴重？,"Aug 9, 2020",273,0:03:09,35.63
0K5sBlw1kCc,"西雅圖雷尼爾山夜衝 Mt. Rainier, Seattle","Oct 28, 2018",259,0:01:33,25.52
WWeXqDdsQHk,美國西雅圖自駕 ＃感恩節一日遊 『黑色星期五採購』『華大Bothell校區』『海灘公園』＃開車,"Nov 25, 2018",255,0:02:46,25.56
CSAk4dyiVEg,吃喝玩樂！台灣夜市 #台灣夜市 #夜市 #Taiwan #NightMarket,"Feb 2, 2019",252,0:01:32,20.22
dmzCJgJd7io,Interior Construction 宿舍大改造,"Nov 18, 2018",241,0:00:35,57.63
0GuVFwIF7xM,Staying Overnight in Microsoft Headquarter 來去微軟總部過夜 #Hackathon #黑客松,"Apr 20, 2019",237,0:02:34,28.68
dgFsPTPqa7M,從美國西北角到最南端EP2. From Northwest to the Southernmost #邁阿密 #Miami #keywest,"Apr 9, 2019",236,0:03:52,19.43
6jCED6s-lmU,英文課本不會教你😖但在美國很常用的字有哪些⁉️,"Jul 28, 2020",223,0:04:15,44.53
rGmNN14ZPRM,宋氏企業 狗年特輯,"Feb 19, 2018",223,0:02:50,31.1
8pdATe54bGI,穿著H&M參加Bottega Veneta酒會！！,"Sep 4, 2019",211,0:01:22,43.51
TOIC9XRkMOw,瘋狂富豪美國舞會 #TaiwaneseStudentAssociation #CrazyRich #SemiFormal,"Feb 11, 2019",207,0:01:31,32.7
P8Hy2rjpoFs,該用什麼APP在美國闖蕩呢？ft. 史考特,"Aug 17, 2020",202,0:02:54,27.54
nIcty6idOKg,立人高中第五屆攝影社PHOTOLIZEN,"Aug 18, 2017",193,0:01:08,34.85
Bn5rQYmmZ94,Lake 22 Road Trip in Washington State ＃在雪地裡裸泳 ＃路上火燒車 ＃爬山四小時 ＃路上顛簸,"Jan 24, 2019",191,0:02:45,22.56
XyFMSY28Vnc,Sophia Happy Birthday,"Dec 12, 2018",187,0:02:26,30.04
JHR6bLrRUzY,接近頂配的2019MACBOOK PRO 16寸 V.S. 2015 MACBOOK PRO 13寸,"Jul 27, 2020",186,0:02:18,30.21
l4-VF5p7jTs,Racing S騎上台中望高寮～喜多,"Aug 12, 2018",184,0:00:45,28.04
2wak7T4NpWs,What!!!我預約到亞馬遜植物球啦～,"Nov 3, 2019",164,0:02:14,33.69
wgKTNg0BPeg,面對升學體制下的我們 ＃學測 ＃大考 ＃大學,"Mar 6, 2018",164,0:01:17,35.57
0WlFpqrKo9g,連五歲小孩都是pro!!!!!#First time Skiing #第一次滑雪 #snoqualmiepass #ski #狂摔無極限,"Feb 23, 2019",162,0:01:40,16.45
asuHrgmOnmM,管樂快閃,"Dec 17, 2016",159,0:01:14,17
vwSRd5yQ2fw,我是台灣囝仔 I am from Taiwan,"Jul 3, 2019",157,0:00:38,27.35
BhIKdLMUot8,Ducati逛西濱快速道路-苗栗通宵,"May 23, 2020",154,0:02:56,4.49
wp8-Os1IDWY,愛因斯坦的偉大推測！世界級重力波實驗室,"Nov 16, 2019",154,0:01:44,33.79
iICJFn4Vzg0,"韓國瑜造勢現場 台中場 President Candidate Campaign Rally in Taichung, Taiwan","Jun 28, 2019",142,0:01:21,30.28
NZScJHqj-1o,相信在各位的青春裡都有一個不揪的朋友,"Nov 13, 2019",134,0:00:18,71.28
S6f0S2E4I6g,七日火車環島 ＃火車環島 ＃環島,"Jun 23, 2018",118,0:00:44,18.59
EwNcUsY0pzY,初夏妳好！朋友走起出發台東,"Jun 20, 2020",111,0:00:46,37.44
sWGb90DtDRQ,喜多放懶 #臘腸狗 #dachshund #上床撒野,"Jan 2, 2019",93,0:00:28,31.26
oxtGeGVpgGw,西雅圖今年第一場雪 2019/2/3,"Feb 4, 2019",79,0:00:29,35.16
ESH_8uJ-b5s,八年後，我們之間的20歲！記得開CC字幕！,"Jun 23, 2020",77,0:02:38,28.59
WF_uuUU29Po,你想好振興券怎麼用了嗎？,"Jul 22, 2020",76,0:01:20,46.15
nritnP8n4LU,happy birthday to u,"Jan 21, 2016",73,0:01:19,21.37
qUaWySKa72Y,Black Beast Roars,"Feb 22, 2020",73,0:00:41,30.32
xcsEnz6wBeg,Ducati Monster NightRide -- 夜騎台中,"May 18, 2020",67,0:00:46,2.54
EYzcG8bVtsk,新年貼春聯 #美國同步 #春聯 #文化 Chinese New Year,"Feb 4, 2019",66,0:00:29,34.6
OtR6bGaVe98,交通,"Sep 2, 2016",54,0:02:30,46.63
zuS4ihtUi24,mannequin challenge,"Jan 5, 2017",52,0:01:11,48.75
8qca5W10aOw,SNOW FALL IN SEATTLE,"Mar 3, 2019",48,0:00:22,41.31
6F8zD7-JQU4,第四屆攝影社 上學期回顧影片,"Jan 5, 2017",40,0:01:36,15.14
3CV41EFUVP0,Monster 台中心之芳庭&新社,"May 20, 2020",38,0:01:18,4.23
E5Z0CHk_W8M,308 畢旅  YouTube,"Dec 19, 2014",33,0:01:18,12.37
tUGfFgBhBFk,立人高中交通安全宣導影片,"Aug 28, 2016",32,0:02:10,41.3
cKa-qS9A9xg,mowgli,"Sep 1, 2016",26,0:01:16,24.41
3hYer8CpbdY,五光十攝三校聯合攝影展幹部介紹,"Feb 24, 2018",17,0:00:41,14.12
KdyZ3Zenrqw,My Movie 10,,2,0:00:56,27.82
1XIl1DoLWPs,DSC Lead,,1,0:00:09,30.76
